Text,Labels,PII,Cleaned_text,Special_char_num,Special_chars
"Consumer free military practice bring health. Front 90689 Billy Shoal Lake Sydney, WY 09074 PM agency place yeah late. Great child environmental often.",Address,"90689 Billy Shoal Lake Sydney, WY 09074",consumer free military practice bring health front 90689 billy shoal lake sydney wy 09074 pm agency place yeah late great child environmental often,0,[]
Return gas Suite 895 national.,Address,Suite 895,return gas suite 895 national,0,[]
"Medical weight job sign somebody various learn take. 90689 Billy Shoal Lake Sydney, WY 09074 Ahead movement experience. Maintain hospital deal article.",Address,"90689 Billy Shoal Lake Sydney, WY 09074",medical weight job sign somebody various learn take 90689 billy shoal lake sydney wy 09074 ahead movement experience maintain hospital deal article,0,[]
Eye know heavy enter type. Why fill cell tend actually toward decide baby. Evidence Suite 895 that left either.,Address,Suite 895,eye know heavy enter type why fill cell tend actually toward decide baby evidence suite 895 that left either,0,[]
Together after able else. Improve rise half Apt. 909 true character hot. May section include safe herself information half thing.,Address,Apt. 909,together after able else improve rise half apt 909 true character hot may section include safe herself information half thing,0,[]
"Sit ago week room 5225 Watkins Loaf Apt. 444 South Rachelville, PA 72759 hospital nearly over. Main significant total federal charge spend fish. Single traditional now become free.",Address,"5225 Watkins Loaf Apt. 444 South Rachelville, PA 72759",sit ago week room 5225 watkins loaf apt 444 south rachelville pa 72759 hospital nearly over main significant total federal charge spend fish single traditional now become free,0,[]
Above direction foot across himself degree space. Suite 713,Address,Suite 713,above direction foot across himself degree space suite 713,0,[]
"Change both short call factor nor rest. The suggest us pay sister. 90689 Billy Shoal Lake Sydney, WY 09074",Address,"90689 Billy Shoal Lake Sydney, WY 09074",change both short call factor nor rest the suggest us pay sister 90689 billy shoal lake sydney wy 09074,0,[]
Simple indicate member Suite 713 stage line garden reason.,Address,Suite 713,simple indicate member suite 713 stage line garden reason,0,[]
"Various skill 90689 Billy Shoal Lake Sydney, WY 09074 mean audience worry ability threat.",Address,"90689 Billy Shoal Lake Sydney, WY 09074",various skill 90689 billy shoal lake sydney wy 09074 mean audience worry ability threat,0,[]
Consumer free military practice bring health. Front PM agency place yeah late. 347305140737706 Great child environmental often.,CreditCardNumber,347305140737706,consumer free military practice bring health front pm agency place yeah late 347305140737706 great child environmental often,0,[]
3596317116602527 Return gas national.,CreditCardNumber,3596317116602527,3596317116602527 return gas national,0,[]
Medical weight job sign somebody various learn 180035961865019 take. Ahead movement experience. Maintain hospital deal article.,CreditCardNumber,180035961865019,medical weight job sign somebody various learn 180035961865019 take ahead movement experience maintain hospital deal article,0,[]
Eye know heavy enter type. Why fill cell tend actually toward decide baby. Evidence that left 3596317116602527 either.,CreditCardNumber,3596317116602527,eye know heavy enter type why fill cell tend actually toward decide baby evidence that left 3596317116602527 either,0,[]
Together after 4576476785634 able else. Improve rise half true character hot. May section include safe herself information half thing.,CreditCardNumber,4576476785634,together after 4576476785634 able else improve rise half true character hot may section include safe herself information half thing,0,[]
Sit ago week room hospital nearly over. Main significant 180035961865019 total federal charge spend fish. Single traditional now become free.,CreditCardNumber,180035961865019,sit ago week room hospital nearly over main significant 180035961865019 total federal charge spend fish single traditional now become free,0,[]
Above direction foot across 347305140737706 himself degree space.,CreditCardNumber,347305140737706,above direction foot across 347305140737706 himself degree space,0,[]
Change both short call factor nor rest. 4462745309102450 The suggest us pay sister.,CreditCardNumber,4462745309102450,change both short call factor nor rest 4462745309102450 the suggest us pay sister,0,[]
Simple indicate member 564288613958 stage line garden reason.,CreditCardNumber,564288613958,simple indicate member 564288613958 stage line garden reason,0,[]
Various skill mean 180035961865019 audience worry ability threat.,CreditCardNumber,180035961865019,various skill mean 180035961865019 audience worry ability threat,0,[]
Consumer matthewlevine@example.net free military practice bring health. Front PM agency place yeah late. Great child environmental often.,Email,matthewlevine@example.net,consumer matthewlevine@example.net free military practice bring health front pm agency place yeah late great child environmental often,2,"['.', '@']"
matthewlevine@example.net Return gas national.,Email,matthewlevine@example.net,matthewlevine@example.net return gas national,2,"['.', '@']"
Medical weight job sign somebody various learn take. Ahead movement experience. Maintain hospital deal article. katherinegarcia@example.com,Email,katherinegarcia@example.com,medical weight job sign somebody various learn take ahead movement experience maintain hospital deal article katherinegarcia@example.com,2,"['.', '@']"
Eye know heavy enter type. Why fill cell tend actually aellison@example.com toward decide baby. Evidence that left either.,Email,aellison@example.com,eye know heavy enter type why fill cell tend actually aellison@example.com toward decide baby evidence that left either,2,"['.', '@']"
Together after able wendylee@example.net else. Improve rise half true character hot. May section include safe herself information half thing.,Email,wendylee@example.net,together after able wendylee@example.net else improve rise half true character hot may section include safe herself information half thing,2,"['.', '@']"
Sit ago week room hospital nearly over. matthewlevine@example.net Main significant total federal charge spend fish. Single traditional now become free.,Email,matthewlevine@example.net,sit ago week room hospital nearly over matthewlevine@example.net main significant total federal charge spend fish single traditional now become free,2,"['.', '@']"
Above direction foot across aellison@example.com himself degree space.,Email,aellison@example.com,above direction foot across aellison@example.com himself degree space,2,"['.', '@']"
aellison@example.com Change both short call factor nor rest. The suggest us pay sister.,Email,aellison@example.com,aellison@example.com change both short call factor nor rest the suggest us pay sister,2,"['.', '@']"
Simple indicate member stage mbell@example.org line garden reason.,Email,mbell@example.org,simple indicate member stage mbell@example.org line garden reason,2,"['.', '@']"
Various marissa21@example.com skill mean audience worry ability threat.,Email,marissa21@example.com,various marissa21@example.com skill mean audience worry ability threat,2,"['.', '@']"
Consumer Kim Flores free military practice bring health. Front PM agency place yeah late. Great child environmental often.,Name,Kim Flores,consumer kim flores free military practice bring health front pm agency place yeah late great child environmental often,0,[]
Return gas national. Kim Flores,Name,Kim Flores,return gas national kim flores,0,[]
Medical weight job Kristen Gallagher sign somebody various learn take. Ahead movement experience. Maintain hospital deal article.,Name,Kristen Gallagher,medical weight job kristen gallagher sign somebody various learn take ahead movement experience maintain hospital deal article,0,[]
Eye know heavy enter type. Snyder Why fill cell tend actually toward decide baby. Evidence that left either.,Name,Snyder,eye know heavy enter type snyder why fill cell tend actually toward decide baby evidence that left either,0,[]
Together after able else. Improve rise half true character hot. May section include safe herself information half Emily thing.,Name,Emily,together after able else improve rise half true character hot may section include safe herself information half emily thing,0,[]
Sit ago week room hospital nearly over. Main significant total federal charge spend fish. Single traditional now become free. Bob,Name,Bob,sit ago week room hospital nearly over main significant total federal charge spend fish single traditional now become free bob,0,[]
Above direction Bob foot across himself degree space.,Name,Bob,above direction bob foot across himself degree space,0,[]
Change both short call factor nor rest. Neal The suggest us pay sister.,Name,Neal,change both short call factor nor rest neal the suggest us pay sister,0,[]
Simple indicate member Kim Flores stage line garden reason.,Name,Kim Flores,simple indicate member kim flores stage line garden reason,0,[]
Various skill mean audience Jeanne worry ability threat.,Name,Jeanne,various skill mean audience jeanne worry ability threat,0,[]
Consumer free military practice bring health. Front PM agency (569)346-5857x88263 place yeah late. Great child environmental often.,Phone_number,(569)346-5857x88263,consumer free military practice bring health front pm agency (569)346-5857x88263 place yeah late great child environmental often,3,"['(', ')', '-']"
Return gas 433.083.4554x976 national.,Phone_number,433.083.4554x976,return gas 433.083.4554x976 national,1,['.']
Medical weight job sign somebody 001-858-325-5799x1739 various learn take. Ahead movement experience. Maintain hospital deal article.,Phone_number,001-858-325-5799x1739,medical weight job sign somebody 001-858-325-5799x1739 various learn take ahead movement experience maintain hospital deal article,1,['-']
Eye know heavy enter type. Why fill cell tend actually toward decide baby. Evidence that left 433.083.4554x976 either.,Phone_number,433.083.4554x976,eye know heavy enter type why fill cell tend actually toward decide baby evidence that left 433.083.4554x976 either,1,['.']
Together after able else. Improve rise half true character hot. May 001-858-325-5799x1739 section include safe herself information half thing.,Phone_number,001-858-325-5799x1739,together after able else improve rise half true character hot may 001-858-325-5799x1739 section include safe herself information half thing,1,['-']
Sit ago week room hospital nearly over. Main significant total federal 0798523076 charge spend fish. Single traditional now become free.,Phone_number,0798523076,sit ago week room hospital nearly over main significant total federal 0798523076 charge spend fish single traditional now become free,0,[]
Above direction foot across himself (285)049-2111x739 degree space.,Phone_number,(285)049-2111x739,above direction foot across himself (285)049-2111x739 degree space,3,"['(', ')', '-']"
Change both short call factor nor rest. 129-376-9526 The suggest us pay sister.,Phone_number,129-376-9526,change both short call factor nor rest 129-376-9526 the suggest us pay sister,1,['-']
Simple indicate member stage line 433.083.4554x976 garden reason.,Phone_number,433.083.4554x976,simple indicate member stage line 433.083.4554x976 garden reason,1,['.']
Various skill mean audience worry ability 0798523076 threat.,Phone_number,0798523076,various skill mean audience worry ability 0798523076 threat,0,[]
Consumer free military practice bring health. 655NQ Front PM agency place yeah late. Great child environmental often.,Plates,655NQ,consumer free military practice bring health 655nq front pm agency place yeah late great child environmental often,0,[]
DAD-5407 Return gas national.,Plates,DAD-5407,dad-5407 return gas national,1,['-']
Medical 37O 593 weight job sign somebody various learn take. Ahead movement experience. Maintain hospital deal article.,Plates,37O 593,medical 37o 593 weight job sign somebody various learn take ahead movement experience maintain hospital deal article,0,[]
Eye know heavy enter DAD-5407 type. Why fill cell tend actually toward decide baby. Evidence that left either.,Plates,DAD-5407,eye know heavy enter dad-5407 type why fill cell tend actually toward decide baby evidence that left either,1,['-']
Together after able else. Improve rise half true character 4WA3973 hot. May section include safe herself information half thing.,Plates,4WA3973,together after able else improve rise half true character 4wa3973 hot may section include safe herself information half thing,0,[]
92V L45 Sit ago week room hospital nearly over. Main significant total federal charge spend fish. Single traditional now become free.,Plates,92V L45,92v l45 sit ago week room hospital nearly over main significant total federal charge spend fish single traditional now become free,0,[]
Above direction 655NQ foot across himself degree space.,Plates,655NQ,above direction 655nq foot across himself degree space,0,[]
Change both short call factor nor rest. The 655NQ suggest us pay sister.,Plates,655NQ,change both short call factor nor rest the 655nq suggest us pay sister,0,[]
Simple indicate member MUV 4645 stage line garden reason.,Plates,MUV 4645,simple indicate member muv 4645 stage line garden reason,0,[]
Various 4WA3973 skill mean audience worry ability threat.,Plates,4WA3973,various 4wa3973 skill mean audience worry ability threat,0,[]
Consumer free military practice bring health. Front PM agency place 319 81 6818 yeah late. Great child environmental often.,SSN,319 81 6818,consumer free military practice bring health front pm agency place 319 81 6818 yeah late great child environmental often,0,[]
Return 462-64-3011 gas national.,SSN,462-64-3011,return 462-64-3011 gas national,1,['-']
Medical weight job sign somebody various 462-64-3011 learn take. Ahead movement experience. Maintain hospital deal article.,SSN,462-64-3011,medical weight job sign somebody various 462-64-3011 learn take ahead movement experience maintain hospital deal article,1,['-']
Eye know heavy enter type. Why fill cell 243 65 9181 tend actually toward decide baby. Evidence that left either.,SSN,243 65 9181,eye know heavy enter type why fill cell 243 65 9181 tend actually toward decide baby evidence that left either,0,[]
Together after able else. Improve rise half true character hot. May section include safe herself 319 81 6818 information half thing.,SSN,319 81 6818,together after able else improve rise half true character hot may section include safe herself 319 81 6818 information half thing,0,[]
Sit ago week room hospital nearly over. Main significant 418-70-7597 total federal charge spend fish. Single traditional now become free.,SSN,418-70-7597,sit ago week room hospital nearly over main significant 418-70-7597 total federal charge spend fish single traditional now become free,1,['-']
Above direction foot across himself 254-81-6860 degree space.,SSN,254-81-6860,above direction foot across himself 254-81-6860 degree space,1,['-']
Change both short call factor nor rest. The suggest us pay 548 88 2376 sister.,SSN,548 88 2376,change both short call factor nor rest the suggest us pay 548 88 2376 sister,0,[]
Simple indicate member 243 65 9181 stage line garden reason.,SSN,243 65 9181,simple indicate member 243 65 9181 stage line garden reason,0,[]
319 81 6818 Various skill mean audience worry ability threat.,SSN,319 81 6818,319 81 6818 various skill mean audience worry ability threat,0,[]
Consumer free military practice bring health. Front PM agency place yeah late. Great child environmental often.,None,None,consumer free military practice bring health front pm agency place yeah late great child environmental often,0,[]
Return gas national.,None,None,return gas national,0,[]
Medical weight job sign somebody various learn take. Ahead movement experience. Maintain hospital deal article.,None,None,medical weight job sign somebody various learn take ahead movement experience maintain hospital deal article,0,[]
Eye know heavy enter type. Why fill cell tend actually toward decide baby. Evidence that left either.,None,None,eye know heavy enter type why fill cell tend actually toward decide baby evidence that left either,0,[]
Together after able else. Improve rise half true character hot. May section include safe herself information half thing.,None,None,together after able else improve rise half true character hot may section include safe herself information half thing,0,[]
Sit ago week room hospital nearly over. Main significant total federal charge spend fish. Single traditional now become free.,None,None,sit ago week room hospital nearly over main significant total federal charge spend fish single traditional now become free,0,[]
Above direction foot across himself degree space.,None,None,above direction foot across himself degree space,0,[]
Change both short call factor nor rest. The suggest us pay sister.,None,None,change both short call factor nor rest the suggest us pay sister,0,[]
Simple indicate member stage line garden reason.,None,None,simple indicate member stage line garden reason,0,[]
Various skill mean audience worry ability threat.,None,None,various skill mean audience worry ability threat,0,[]
